disease_id,disease_label,original_disease_label,disease_umls,rank,compound_index,compound_npass,compound_label,posterior_sample_count,source_notebook,count_source_cell,compound_info_source_cell,disease_identifier_source_cell,label_status,interpretation,compound_id,compound_id_evidence,disease_label_reference
DISEASE_13735,Type 2 diabetes,Adult T-cell Leukemia-Lymphoma,C0011860;C1852091;C4017238,1,11,NPC161571,Resveratrol,119509,assessment_2,58,61,54,Corrected using saved UMLS identifier; source prose retained in original_disease_label.,Raw saved top-three sample counts; full denominator unavailable; no clinical probability.,COMPOUND_2557,Read-only NPASS lookup in saved Assessment 2/code/oregano.owl,https://www.ncbi.nlm.nih.gov/medgen/41523
DISEASE_13735,Type 2 diabetes,Adult T-cell Leukemia-Lymphoma,C0011860;C1852091;C4017238,2,58,NPC39426,Genistein,97389,assessment_2,58,61,54,Corrected using saved UMLS identifier; source prose retained in original_disease_label.,Raw saved top-three sample counts; full denominator unavailable; no clinical probability.,COMPOUND_1571,Read-only NPASS lookup in saved Assessment 2/code/oregano.owl,https://www.ncbi.nlm.nih.gov/medgen/41523
DISEASE_13735,Type 2 diabetes,Adult T-cell Leukemia-Lymphoma,C0011860;C1852091;C4017238,3,4,NPC20791,Quercetin,84688,assessment_2,58,61,54,Corrected using saved UMLS identifier; source prose retained in original_disease_label.,Raw saved top-three sample counts; full denominator unavailable; no clinical probability.,COMPOUND_3969,Read-only NPASS lookup in saved Assessment 2/code/oregano.owl,https://www.ncbi.nlm.nih.gov/medgen/41523
DISEASE_13720,Colorectal cancer,Colorectal Cancer,C0007102;C0009402,1,35,NPC136002,,95616,assessment_2,67,68,64,Corrected using saved UMLS identifier; source prose retained in original_disease_label.,Raw saved top-three sample counts; full denominator unavailable; no clinical probability.,COMPOUND_21549,Read-only NPASS lookup in saved Assessment 2/code/oregano.owl,https://www.ncbi.nlm.nih.gov/medgen/3170
DISEASE_13720,Colorectal cancer,Colorectal Cancer,C0007102;C0009402,2,51,NPC482689,,92560,assessment_2,67,68,64,Corrected using saved UMLS identifier; source prose retained in original_disease_label.,Raw saved top-three sample counts; full denominator unavailable; no clinical probability.,COMPOUND_76265,Read-only NPASS lookup in saved Assessment 2/code/oregano.owl,https://www.ncbi.nlm.nih.gov/medgen/3170
DISEASE_13720,Colorectal cancer,Colorectal Cancer,C0007102;C0009402,3,5,NPC480173,,92471,assessment_2,67,68,64,Corrected using saved UMLS identifier; source prose retained in original_disease_label.,Raw saved top-three sample counts; full denominator unavailable; no clinical probability.,COMPOUND_74977,Read-only NPASS lookup in saved Assessment 2/code/oregano.owl,https://www.ncbi.nlm.nih.gov/medgen/3170
DISEASE_2810,Retinitis pigmentosa,Sarcoidosis,C0035334,1,11,NPC161571,Resveratrol,92089,assessment_2,74,75,71,Corrected using saved UMLS identifier; source prose retained in original_disease_label.,Raw saved top-three sample counts; full denominator unavailable; no clinical probability.,COMPOUND_2557,Read-only NPASS lookup in saved Assessment 2/code/oregano.owl,https://www.ncbi.nlm.nih.gov/medgen/20551
DISEASE_2810,Retinitis pigmentosa,Sarcoidosis,C0035334,2,31,NPC109083,,90864,assessment_2,74,75,71,Corrected using saved UMLS identifier; source prose retained in original_disease_label.,Raw saved top-three sample counts; full denominator unavailable; no clinical probability.,COMPOUND_16573,Read-only NPASS lookup in saved Assessment 2/code/oregano.owl,https://www.ncbi.nlm.nih.gov/medgen/20551
DISEASE_2810,Retinitis pigmentosa,Sarcoidosis,C0035334,3,51,NPC482689,,81386,assessment_2,74,75,71,Corrected using saved UMLS identifier; source prose retained in original_disease_label.,Raw saved top-three sample counts; full denominator unavailable; no clinical probability.,COMPOUND_76265,Read-only NPASS lookup in saved Assessment 2/code/oregano.owl,https://www.ncbi.nlm.nih.gov/medgen/20551
DISEASE_160,Amyotrophic lateral sclerosis (ALS),Aortic Stenosis,C0002736,1,5,NPC480173,,94660,assessment_2,81,82,78,Corrected using saved UMLS identifier; source prose retained in original_disease_label.,Raw saved top-three sample counts; full denominator unavailable; no clinical probability.,COMPOUND_74977,Read-only NPASS lookup in saved Assessment 2/code/oregano.owl,https://www.ncbi.nlm.nih.gov/medgen/274
DISEASE_160,Amyotrophic lateral sclerosis (ALS),Aortic Stenosis,C0002736,2,51,NPC482689,,94408,assessment_2,81,82,78,Corrected using saved UMLS identifier; source prose retained in original_disease_label.,Raw saved top-three sample counts; full denominator unavailable; no clinical probability.,COMPOUND_76265,Read-only NPASS lookup in saved Assessment 2/code/oregano.owl,https://www.ncbi.nlm.nih.gov/medgen/274
DISEASE_160,Amyotrophic lateral sclerosis (ALS),Aortic Stenosis,C0002736,3,39,NPC471579,,94214,assessment_2,81,82,78,Corrected using saved UMLS identifier; source prose retained in original_disease_label.,Raw saved top-three sample counts; full denominator unavailable; no clinical probability.,COMPOUND_3689,Read-only NPASS lookup in saved Assessment 2/code/oregano.owl,https://www.ncbi.nlm.nih.gov/medgen/274
DISEASE_7426,Breast cancer,Chronic Obstructive Pulmonary Disease (COPD),C0346153;C0006142;C1861906,1,11,NPC161571,Resveratrol,109417,assessment_2,88,89,85,Corrected using saved UMLS identifier; source prose retained in original_disease_label.,Raw saved top-three sample counts; full denominator unavailable; no clinical probability.,COMPOUND_2557,Read-only NPASS lookup in saved Assessment 2/code/oregano.owl,https://www.ncbi.nlm.nih.gov/medgen/651
DISEASE_7426,Breast cancer,Chronic Obstructive Pulmonary Disease (COPD),C0346153;C0006142;C1861906,2,12,NPC32373,,88130,assessment_2,88,89,85,Corrected using saved UMLS identifier; source prose retained in original_disease_label.,Raw saved top-three sample counts; full denominator unavailable; no clinical probability.,COMPOUND_10681,Read-only NPASS lookup in saved Assessment 2/code/oregano.owl,https://www.ncbi.nlm.nih.gov/medgen/651
DISEASE_7426,Breast cancer,Chronic Obstructive Pulmonary Disease (COPD),C0346153;C0006142;C1861906,3,56,NPC485883,,86877,assessment_2,88,89,85,Corrected using saved UMLS identifier; source prose retained in original_disease_label.,Raw saved top-three sample counts; full denominator unavailable; no clinical probability.,COMPOUND_77932,Read-only NPASS lookup in saved Assessment 2/code/oregano.owl,https://www.ncbi.nlm.nih.gov/medgen/651
