entity,relation,reported_node_count,entity_count,reported_coverage_fraction,source_notebook,source_cell,caveat
COMPOUND,has_target,29697,90868,0.3268147202535546,assessment_1,36,Saved output; original SELECT lacks DISTINCT; fraction derived from saved counts.
COMPOUND,increase_activity,3286,90868,0.03616234538011181,assessment_1,36,Saved output; original SELECT lacks DISTINCT; fraction derived from saved counts.
COMPOUND,has_activity,3503,90868,0.03855042479200599,assessment_1,36,Saved output; original SELECT lacks DISTINCT; fraction derived from saved counts.
COMPOUND,decrease_activity,2271,90868,0.024992296518026147,assessment_1,36,Saved output; original SELECT lacks DISTINCT; fraction derived from saved counts.
COMPOUND,increase_effect,3692,90868,0.04063036492494607,assessment_1,36,Saved output; original SELECT lacks DISTINCT; fraction derived from saved counts.
COMPOUND,has_effect,3698,90868,0.04069639477043624,assessment_1,36,Saved output; original SELECT lacks DISTINCT; fraction derived from saved counts.
COMPOUND,decrease_effect,253,90868,0.0027842584848351455,assessment_1,36,Saved output; original SELECT lacks DISTINCT; fraction derived from saved counts.
COMPOUND,increase_efficacy,1659,90868,0.01825725227802967,assessment_1,36,Saved output; original SELECT lacks DISTINCT; fraction derived from saved counts.
COMPOUND,decrease_efficacy,3044,90868,0.03349914161200863,assessment_1,36,Saved output; original SELECT lacks DISTINCT; fraction derived from saved counts.
COMPOUND,causes_condition,0,90868,0.0,assessment_1,36,Saved output; original SELECT lacks DISTINCT; fraction derived from saved counts.
COMPOUND,has_phenotype,0,90868,0.0,assessment_1,36,Saved output; original SELECT lacks DISTINCT; fraction derived from saved counts.
COMPOUND,is_affecting,1173,90868,0.012908834793326584,assessment_1,36,Saved output; original SELECT lacks DISTINCT; fraction derived from saved counts.
COMPOUND,is_substance_that_treats,435,90868,0.004787163798036713,assessment_1,36,Saved output; original SELECT lacks DISTINCT; fraction derived from saved counts.
COMPOUND,acts_within,0,90868,0.0,assessment_1,36,Saved output; original SELECT lacks DISTINCT; fraction derived from saved counts.
COMPOUND,has_indication,859,90868,0.009453272879341463,assessment_1,36,Saved output; original SELECT lacks DISTINCT; fraction derived from saved counts.
COMPOUND,has_side_effect,896,90868,0.009860456926530791,assessment_1,36,Saved output; original SELECT lacks DISTINCT; fraction derived from saved counts.
COMPOUND,gene_product_of,0,90868,0.0,assessment_1,36,Saved output; original SELECT lacks DISTINCT; fraction derived from saved counts.
MOLECULE,has_target,97,97,1.0,assessment_1,36,Saved output; original SELECT lacks DISTINCT; fraction derived from saved counts.
MOLECULE,increase_activity,0,97,0.0,assessment_1,36,Saved output; original SELECT lacks DISTINCT; fraction derived from saved counts.
MOLECULE,has_activity,0,97,0.0,assessment_1,36,Saved output; original SELECT lacks DISTINCT; fraction derived from saved counts.
MOLECULE,decrease_activity,0,97,0.0,assessment_1,36,Saved output; original SELECT lacks DISTINCT; fraction derived from saved counts.
MOLECULE,increase_effect,0,97,0.0,assessment_1,36,Saved output; original SELECT lacks DISTINCT; fraction derived from saved counts.
MOLECULE,has_effect,0,97,0.0,assessment_1,36,Saved output; original SELECT lacks DISTINCT; fraction derived from saved counts.
MOLECULE,decrease_effect,0,97,0.0,assessment_1,36,Saved output; original SELECT lacks DISTINCT; fraction derived from saved counts.
MOLECULE,increase_efficacy,0,97,0.0,assessment_1,36,Saved output; original SELECT lacks DISTINCT; fraction derived from saved counts.
MOLECULE,decrease_efficacy,0,97,0.0,assessment_1,36,Saved output; original SELECT lacks DISTINCT; fraction derived from saved counts.
MOLECULE,causes_condition,0,97,0.0,assessment_1,36,Saved output; original SELECT lacks DISTINCT; fraction derived from saved counts.
MOLECULE,has_phenotype,0,97,0.0,assessment_1,36,Saved output; original SELECT lacks DISTINCT; fraction derived from saved counts.
MOLECULE,is_affecting,0,97,0.0,assessment_1,36,Saved output; original SELECT lacks DISTINCT; fraction derived from saved counts.
MOLECULE,is_substance_that_treats,0,97,0.0,assessment_1,36,Saved output; original SELECT lacks DISTINCT; fraction derived from saved counts.
MOLECULE,acts_within,0,97,0.0,assessment_1,36,Saved output; original SELECT lacks DISTINCT; fraction derived from saved counts.
MOLECULE,has_indication,0,97,0.0,assessment_1,36,Saved output; original SELECT lacks DISTINCT; fraction derived from saved counts.
MOLECULE,has_side_effect,0,97,0.0,assessment_1,36,Saved output; original SELECT lacks DISTINCT; fraction derived from saved counts.
MOLECULE,gene_product_of,0,97,0.0,assessment_1,36,Saved output; original SELECT lacks DISTINCT; fraction derived from saved counts.
PROTEIN,has_target,6748,21999,0.3067412155097959,assessment_1,36,Saved output; original SELECT lacks DISTINCT; fraction derived from saved counts.
PROTEIN,increase_activity,0,21999,0.0,assessment_1,36,Saved output; original SELECT lacks DISTINCT; fraction derived from saved counts.
PROTEIN,has_activity,0,21999,0.0,assessment_1,36,Saved output; original SELECT lacks DISTINCT; fraction derived from saved counts.
PROTEIN,decrease_activity,0,21999,0.0,assessment_1,36,Saved output; original SELECT lacks DISTINCT; fraction derived from saved counts.
PROTEIN,increase_effect,0,21999,0.0,assessment_1,36,Saved output; original SELECT lacks DISTINCT; fraction derived from saved counts.
PROTEIN,has_effect,0,21999,0.0,assessment_1,36,Saved output; original SELECT lacks DISTINCT; fraction derived from saved counts.
PROTEIN,decrease_effect,0,21999,0.0,assessment_1,36,Saved output; original SELECT lacks DISTINCT; fraction derived from saved counts.
PROTEIN,increase_efficacy,0,21999,0.0,assessment_1,36,Saved output; original SELECT lacks DISTINCT; fraction derived from saved counts.
PROTEIN,decrease_efficacy,0,21999,0.0,assessment_1,36,Saved output; original SELECT lacks DISTINCT; fraction derived from saved counts.
PROTEIN,causes_condition,0,21999,0.0,assessment_1,36,Saved output; original SELECT lacks DISTINCT; fraction derived from saved counts.
PROTEIN,has_phenotype,0,21999,0.0,assessment_1,36,Saved output; original SELECT lacks DISTINCT; fraction derived from saved counts.
PROTEIN,is_affecting,0,21999,0.0,assessment_1,36,Saved output; original SELECT lacks DISTINCT; fraction derived from saved counts.
PROTEIN,is_substance_that_treats,0,21999,0.0,assessment_1,36,Saved output; original SELECT lacks DISTINCT; fraction derived from saved counts.
PROTEIN,acts_within,0,21999,0.0,assessment_1,36,Saved output; original SELECT lacks DISTINCT; fraction derived from saved counts.
PROTEIN,has_indication,0,21999,0.0,assessment_1,36,Saved output; original SELECT lacks DISTINCT; fraction derived from saved counts.
PROTEIN,has_side_effect,0,21999,0.0,assessment_1,36,Saved output; original SELECT lacks DISTINCT; fraction derived from saved counts.
PROTEIN,gene_product_of,10719,21999,0.4872494204282013,assessment_1,36,Saved output; original SELECT lacks DISTINCT; fraction derived from saved counts.
ACTIVITY,has_target,0,78,0.0,assessment_1,36,Saved output; original SELECT lacks DISTINCT; fraction derived from saved counts.
ACTIVITY,increase_activity,75,78,0.9615384615384616,assessment_1,36,Saved output; original SELECT lacks DISTINCT; fraction derived from saved counts.
ACTIVITY,has_activity,78,78,1.0,assessment_1,36,Saved output; original SELECT lacks DISTINCT; fraction derived from saved counts.
ACTIVITY,decrease_activity,22,78,0.28205128205128205,assessment_1,36,Saved output; original SELECT lacks DISTINCT; fraction derived from saved counts.
ACTIVITY,increase_effect,0,78,0.0,assessment_1,36,Saved output; original SELECT lacks DISTINCT; fraction derived from saved counts.
ACTIVITY,has_effect,0,78,0.0,assessment_1,36,Saved output; original SELECT lacks DISTINCT; fraction derived from saved counts.
ACTIVITY,decrease_effect,0,78,0.0,assessment_1,36,Saved output; original SELECT lacks DISTINCT; fraction derived from saved counts.
ACTIVITY,increase_efficacy,0,78,0.0,assessment_1,36,Saved output; original SELECT lacks DISTINCT; fraction derived from saved counts.
ACTIVITY,decrease_efficacy,0,78,0.0,assessment_1,36,Saved output; original SELECT lacks DISTINCT; fraction derived from saved counts.
ACTIVITY,causes_condition,0,78,0.0,assessment_1,36,Saved output; original SELECT lacks DISTINCT; fraction derived from saved counts.
ACTIVITY,has_phenotype,0,78,0.0,assessment_1,36,Saved output; original SELECT lacks DISTINCT; fraction derived from saved counts.
ACTIVITY,is_affecting,0,78,0.0,assessment_1,36,Saved output; original SELECT lacks DISTINCT; fraction derived from saved counts.
ACTIVITY,is_substance_that_treats,0,78,0.0,assessment_1,36,Saved output; original SELECT lacks DISTINCT; fraction derived from saved counts.
ACTIVITY,acts_within,0,78,0.0,assessment_1,36,Saved output; original SELECT lacks DISTINCT; fraction derived from saved counts.
ACTIVITY,has_indication,0,78,0.0,assessment_1,36,Saved output; original SELECT lacks DISTINCT; fraction derived from saved counts.
ACTIVITY,has_side_effect,0,78,0.0,assessment_1,36,Saved output; original SELECT lacks DISTINCT; fraction derived from saved counts.
ACTIVITY,gene_product_of,0,78,0.0,assessment_1,36,Saved output; original SELECT lacks DISTINCT; fraction derived from saved counts.
EFFECT,has_target,0,171,0.0,assessment_1,36,Saved output; original SELECT lacks DISTINCT; fraction derived from saved counts.
EFFECT,increase_activity,0,171,0.0,assessment_1,36,Saved output; original SELECT lacks DISTINCT; fraction derived from saved counts.
EFFECT,has_activity,0,171,0.0,assessment_1,36,Saved output; original SELECT lacks DISTINCT; fraction derived from saved counts.
EFFECT,decrease_activity,0,171,0.0,assessment_1,36,Saved output; original SELECT lacks DISTINCT; fraction derived from saved counts.
EFFECT,increase_effect,170,171,0.9941520467836257,assessment_1,36,Saved output; original SELECT lacks DISTINCT; fraction derived from saved counts.
EFFECT,has_effect,171,171,1.0,assessment_1,36,Saved output; original SELECT lacks DISTINCT; fraction derived from saved counts.
EFFECT,decrease_effect,7,171,0.04093567251461988,assessment_1,36,Saved output; original SELECT lacks DISTINCT; fraction derived from saved counts.
EFFECT,increase_efficacy,0,171,0.0,assessment_1,36,Saved output; original SELECT lacks DISTINCT; fraction derived from saved counts.
EFFECT,decrease_efficacy,0,171,0.0,assessment_1,36,Saved output; original SELECT lacks DISTINCT; fraction derived from saved counts.
EFFECT,causes_condition,0,171,0.0,assessment_1,36,Saved output; original SELECT lacks DISTINCT; fraction derived from saved counts.
EFFECT,has_phenotype,0,171,0.0,assessment_1,36,Saved output; original SELECT lacks DISTINCT; fraction derived from saved counts.
EFFECT,is_affecting,0,171,0.0,assessment_1,36,Saved output; original SELECT lacks DISTINCT; fraction derived from saved counts.
EFFECT,is_substance_that_treats,0,171,0.0,assessment_1,36,Saved output; original SELECT lacks DISTINCT; fraction derived from saved counts.
EFFECT,acts_within,0,171,0.0,assessment_1,36,Saved output; original SELECT lacks DISTINCT; fraction derived from saved counts.
EFFECT,has_indication,0,171,0.0,assessment_1,36,Saved output; original SELECT lacks DISTINCT; fraction derived from saved counts.
EFFECT,has_side_effect,0,171,0.0,assessment_1,36,Saved output; original SELECT lacks DISTINCT; fraction derived from saved counts.
EFFECT,gene_product_of,0,171,0.0,assessment_1,36,Saved output; original SELECT lacks DISTINCT; fraction derived from saved counts.
GENES,has_target,0,35794,0.0,assessment_1,36,Saved output; original SELECT lacks DISTINCT; fraction derived from saved counts.
GENES,increase_activity,0,35794,0.0,assessment_1,36,Saved output; original SELECT lacks DISTINCT; fraction derived from saved counts.
GENES,has_activity,0,35794,0.0,assessment_1,36,Saved output; original SELECT lacks DISTINCT; fraction derived from saved counts.
GENES,decrease_activity,0,35794,0.0,assessment_1,36,Saved output; original SELECT lacks DISTINCT; fraction derived from saved counts.
GENES,increase_effect,0,35794,0.0,assessment_1,36,Saved output; original SELECT lacks DISTINCT; fraction derived from saved counts.
GENES,has_effect,0,35794,0.0,assessment_1,36,Saved output; original SELECT lacks DISTINCT; fraction derived from saved counts.
GENES,decrease_effect,0,35794,0.0,assessment_1,36,Saved output; original SELECT lacks DISTINCT; fraction derived from saved counts.
GENES,increase_efficacy,0,35794,0.0,assessment_1,36,Saved output; original SELECT lacks DISTINCT; fraction derived from saved counts.
GENES,decrease_efficacy,0,35794,0.0,assessment_1,36,Saved output; original SELECT lacks DISTINCT; fraction derived from saved counts.
GENES,causes_condition,5530,35794,0.1544951667877298,assessment_1,36,Saved output; original SELECT lacks DISTINCT; fraction derived from saved counts.
GENES,has_phenotype,0,35794,0.0,assessment_1,36,Saved output; original SELECT lacks DISTINCT; fraction derived from saved counts.
GENES,is_affecting,1830,35794,0.05112588702017098,assessment_1,36,Saved output; original SELECT lacks DISTINCT; fraction derived from saved counts.
GENES,is_substance_that_treats,0,35794,0.0,assessment_1,36,Saved output; original SELECT lacks DISTINCT; fraction derived from saved counts.
GENES,acts_within,11244,35794,0.3141308599206571,assessment_1,36,Saved output; original SELECT lacks DISTINCT; fraction derived from saved counts.
GENES,has_indication,0,35794,0.0,assessment_1,36,Saved output; original SELECT lacks DISTINCT; fraction derived from saved counts.
GENES,has_side_effect,0,35794,0.0,assessment_1,36,Saved output; original SELECT lacks DISTINCT; fraction derived from saved counts.
GENES,gene_product_of,10821,35794,0.3023132368553389,assessment_1,36,Saved output; original SELECT lacks DISTINCT; fraction derived from saved counts.
DISEASES,has_target,0,18333,0.0,assessment_1,36,Saved output; original SELECT lacks DISTINCT; fraction derived from saved counts.
DISEASES,increase_activity,0,18333,0.0,assessment_1,36,Saved output; original SELECT lacks DISTINCT; fraction derived from saved counts.
DISEASES,has_activity,0,18333,0.0,assessment_1,36,Saved output; original SELECT lacks DISTINCT; fraction derived from saved counts.
DISEASES,decrease_activity,0,18333,0.0,assessment_1,36,Saved output; original SELECT lacks DISTINCT; fraction derived from saved counts.
DISEASES,increase_effect,0,18333,0.0,assessment_1,36,Saved output; original SELECT lacks DISTINCT; fraction derived from saved counts.
DISEASES,has_effect,0,18333,0.0,assessment_1,36,Saved output; original SELECT lacks DISTINCT; fraction derived from saved counts.
DISEASES,decrease_effect,0,18333,0.0,assessment_1,36,Saved output; original SELECT lacks DISTINCT; fraction derived from saved counts.
DISEASES,increase_efficacy,0,18333,0.0,assessment_1,36,Saved output; original SELECT lacks DISTINCT; fraction derived from saved counts.
DISEASES,decrease_efficacy,0,18333,0.0,assessment_1,36,Saved output; original SELECT lacks DISTINCT; fraction derived from saved counts.
DISEASES,causes_condition,6624,18333,0.36131566028473244,assessment_1,36,Saved output; original SELECT lacks DISTINCT; fraction derived from saved counts.
DISEASES,has_phenotype,6837,18333,0.3729340533464245,assessment_1,36,Saved output; original SELECT lacks DISTINCT; fraction derived from saved counts.
DISEASES,is_affecting,0,18333,0.0,assessment_1,36,Saved output; original SELECT lacks DISTINCT; fraction derived from saved counts.
DISEASES,is_substance_that_treats,320,18333,0.017454862815687557,assessment_1,36,Saved output; original SELECT lacks DISTINCT; fraction derived from saved counts.
DISEASES,acts_within,0,18333,0.0,assessment_1,36,Saved output; original SELECT lacks DISTINCT; fraction derived from saved counts.
DISEASES,has_indication,0,18333,0.0,assessment_1,36,Saved output; original SELECT lacks DISTINCT; fraction derived from saved counts.
DISEASES,has_side_effect,0,18333,0.0,assessment_1,36,Saved output; original SELECT lacks DISTINCT; fraction derived from saved counts.
DISEASES,gene_product_of,0,18333,0.0,assessment_1,36,Saved output; original SELECT lacks DISTINCT; fraction derived from saved counts.
PHENOTYPES,has_target,0,11605,0.0,assessment_1,36,Saved output; original SELECT lacks DISTINCT; fraction derived from saved counts.
PHENOTYPES,increase_activity,0,11605,0.0,assessment_1,36,Saved output; original SELECT lacks DISTINCT; fraction derived from saved counts.
PHENOTYPES,has_activity,0,11605,0.0,assessment_1,36,Saved output; original SELECT lacks DISTINCT; fraction derived from saved counts.
PHENOTYPES,decrease_activity,0,11605,0.0,assessment_1,36,Saved output; original SELECT lacks DISTINCT; fraction derived from saved counts.
PHENOTYPES,increase_effect,0,11605,0.0,assessment_1,36,Saved output; original SELECT lacks DISTINCT; fraction derived from saved counts.
PHENOTYPES,has_effect,0,11605,0.0,assessment_1,36,Saved output; original SELECT lacks DISTINCT; fraction derived from saved counts.
PHENOTYPES,decrease_effect,0,11605,0.0,assessment_1,36,Saved output; original SELECT lacks DISTINCT; fraction derived from saved counts.
PHENOTYPES,increase_efficacy,0,11605,0.0,assessment_1,36,Saved output; original SELECT lacks DISTINCT; fraction derived from saved counts.
PHENOTYPES,decrease_efficacy,0,11605,0.0,assessment_1,36,Saved output; original SELECT lacks DISTINCT; fraction derived from saved counts.
PHENOTYPES,causes_condition,0,11605,0.0,assessment_1,36,Saved output; original SELECT lacks DISTINCT; fraction derived from saved counts.
PHENOTYPES,has_phenotype,6854,11605,0.5906074967686342,assessment_1,36,Saved output; original SELECT lacks DISTINCT; fraction derived from saved counts.
PHENOTYPES,is_affecting,0,11605,0.0,assessment_1,36,Saved output; original SELECT lacks DISTINCT; fraction derived from saved counts.
PHENOTYPES,is_substance_that_treats,0,11605,0.0,assessment_1,36,Saved output; original SELECT lacks DISTINCT; fraction derived from saved counts.
PHENOTYPES,acts_within,0,11605,0.0,assessment_1,36,Saved output; original SELECT lacks DISTINCT; fraction derived from saved counts.
PHENOTYPES,has_indication,0,11605,0.0,assessment_1,36,Saved output; original SELECT lacks DISTINCT; fraction derived from saved counts.
PHENOTYPES,has_side_effect,0,11605,0.0,assessment_1,36,Saved output; original SELECT lacks DISTINCT; fraction derived from saved counts.
PHENOTYPES,gene_product_of,0,11605,0.0,assessment_1,36,Saved output; original SELECT lacks DISTINCT; fraction derived from saved counts.
PATHWAYS,has_target,0,2128,0.0,assessment_1,36,Saved output; original SELECT lacks DISTINCT; fraction derived from saved counts.
PATHWAYS,increase_activity,0,2128,0.0,assessment_1,36,Saved output; original SELECT lacks DISTINCT; fraction derived from saved counts.
PATHWAYS,has_activity,0,2128,0.0,assessment_1,36,Saved output; original SELECT lacks DISTINCT; fraction derived from saved counts.
PATHWAYS,decrease_activity,0,2128,0.0,assessment_1,36,Saved output; original SELECT lacks DISTINCT; fraction derived from saved counts.
PATHWAYS,increase_effect,0,2128,0.0,assessment_1,36,Saved output; original SELECT lacks DISTINCT; fraction derived from saved counts.
PATHWAYS,has_effect,0,2128,0.0,assessment_1,36,Saved output; original SELECT lacks DISTINCT; fraction derived from saved counts.
PATHWAYS,decrease_effect,0,2128,0.0,assessment_1,36,Saved output; original SELECT lacks DISTINCT; fraction derived from saved counts.
PATHWAYS,increase_efficacy,0,2128,0.0,assessment_1,36,Saved output; original SELECT lacks DISTINCT; fraction derived from saved counts.
PATHWAYS,decrease_efficacy,0,2128,0.0,assessment_1,36,Saved output; original SELECT lacks DISTINCT; fraction derived from saved counts.
PATHWAYS,causes_condition,0,2128,0.0,assessment_1,36,Saved output; original SELECT lacks DISTINCT; fraction derived from saved counts.
PATHWAYS,has_phenotype,0,2128,0.0,assessment_1,36,Saved output; original SELECT lacks DISTINCT; fraction derived from saved counts.
PATHWAYS,is_affecting,0,2128,0.0,assessment_1,36,Saved output; original SELECT lacks DISTINCT; fraction derived from saved counts.
PATHWAYS,is_substance_that_treats,0,2128,0.0,assessment_1,36,Saved output; original SELECT lacks DISTINCT; fraction derived from saved counts.
PATHWAYS,acts_within,2128,2128,1.0,assessment_1,36,Saved output; original SELECT lacks DISTINCT; fraction derived from saved counts.
PATHWAYS,has_indication,0,2128,0.0,assessment_1,36,Saved output; original SELECT lacks DISTINCT; fraction derived from saved counts.
PATHWAYS,has_side_effect,0,2128,0.0,assessment_1,36,Saved output; original SELECT lacks DISTINCT; fraction derived from saved counts.
PATHWAYS,gene_product_of,0,2128,0.0,assessment_1,36,Saved output; original SELECT lacks DISTINCT; fraction derived from saved counts.
INDICATION,has_target,0,2714,0.0,assessment_1,36,Saved output; original SELECT lacks DISTINCT; fraction derived from saved counts.
INDICATION,increase_activity,0,2714,0.0,assessment_1,36,Saved output; original SELECT lacks DISTINCT; fraction derived from saved counts.
INDICATION,has_activity,0,2714,0.0,assessment_1,36,Saved output; original SELECT lacks DISTINCT; fraction derived from saved counts.
INDICATION,decrease_activity,0,2714,0.0,assessment_1,36,Saved output; original SELECT lacks DISTINCT; fraction derived from saved counts.
INDICATION,increase_effect,0,2714,0.0,assessment_1,36,Saved output; original SELECT lacks DISTINCT; fraction derived from saved counts.
INDICATION,has_effect,0,2714,0.0,assessment_1,36,Saved output; original SELECT lacks DISTINCT; fraction derived from saved counts.
INDICATION,decrease_effect,0,2714,0.0,assessment_1,36,Saved output; original SELECT lacks DISTINCT; fraction derived from saved counts.
INDICATION,increase_efficacy,0,2714,0.0,assessment_1,36,Saved output; original SELECT lacks DISTINCT; fraction derived from saved counts.
INDICATION,decrease_efficacy,0,2714,0.0,assessment_1,36,Saved output; original SELECT lacks DISTINCT; fraction derived from saved counts.
INDICATION,causes_condition,0,2714,0.0,assessment_1,36,Saved output; original SELECT lacks DISTINCT; fraction derived from saved counts.
INDICATION,has_phenotype,0,2714,0.0,assessment_1,36,Saved output; original SELECT lacks DISTINCT; fraction derived from saved counts.
INDICATION,is_affecting,0,2714,0.0,assessment_1,36,Saved output; original SELECT lacks DISTINCT; fraction derived from saved counts.
INDICATION,is_substance_that_treats,0,2714,0.0,assessment_1,36,Saved output; original SELECT lacks DISTINCT; fraction derived from saved counts.
INDICATION,acts_within,0,2714,0.0,assessment_1,36,Saved output; original SELECT lacks DISTINCT; fraction derived from saved counts.
INDICATION,has_indication,2080,2714,0.7663964627855564,assessment_1,36,Saved output; original SELECT lacks DISTINCT; fraction derived from saved counts.
INDICATION,has_side_effect,0,2714,0.0,assessment_1,36,Saved output; original SELECT lacks DISTINCT; fraction derived from saved counts.
INDICATION,gene_product_of,0,2714,0.0,assessment_1,36,Saved output; original SELECT lacks DISTINCT; fraction derived from saved counts.
SIDE_EFFECT,has_target,0,6060,0.0,assessment_1,36,Saved output; original SELECT lacks DISTINCT; fraction derived from saved counts.
SIDE_EFFECT,increase_activity,0,6060,0.0,assessment_1,36,Saved output; original SELECT lacks DISTINCT; fraction derived from saved counts.
SIDE_EFFECT,has_activity,0,6060,0.0,assessment_1,36,Saved output; original SELECT lacks DISTINCT; fraction derived from saved counts.
SIDE_EFFECT,decrease_activity,0,6060,0.0,assessment_1,36,Saved output; original SELECT lacks DISTINCT; fraction derived from saved counts.
SIDE_EFFECT,increase_effect,0,6060,0.0,assessment_1,36,Saved output; original SELECT lacks DISTINCT; fraction derived from saved counts.
SIDE_EFFECT,has_effect,0,6060,0.0,assessment_1,36,Saved output; original SELECT lacks DISTINCT; fraction derived from saved counts.
SIDE_EFFECT,decrease_effect,0,6060,0.0,assessment_1,36,Saved output; original SELECT lacks DISTINCT; fraction derived from saved counts.
SIDE_EFFECT,increase_efficacy,0,6060,0.0,assessment_1,36,Saved output; original SELECT lacks DISTINCT; fraction derived from saved counts.
SIDE_EFFECT,decrease_efficacy,0,6060,0.0,assessment_1,36,Saved output; original SELECT lacks DISTINCT; fraction derived from saved counts.
SIDE_EFFECT,causes_condition,0,6060,0.0,assessment_1,36,Saved output; original SELECT lacks DISTINCT; fraction derived from saved counts.
SIDE_EFFECT,has_phenotype,0,6060,0.0,assessment_1,36,Saved output; original SELECT lacks DISTINCT; fraction derived from saved counts.
SIDE_EFFECT,is_affecting,0,6060,0.0,assessment_1,36,Saved output; original SELECT lacks DISTINCT; fraction derived from saved counts.
SIDE_EFFECT,is_substance_that_treats,0,6060,0.0,assessment_1,36,Saved output; original SELECT lacks DISTINCT; fraction derived from saved counts.
SIDE_EFFECT,acts_within,0,6060,0.0,assessment_1,36,Saved output; original SELECT lacks DISTINCT; fraction derived from saved counts.
SIDE_EFFECT,has_indication,0,6060,0.0,assessment_1,36,Saved output; original SELECT lacks DISTINCT; fraction derived from saved counts.
SIDE_EFFECT,has_side_effect,5364,6060,0.8851485148514852,assessment_1,36,Saved output; original SELECT lacks DISTINCT; fraction derived from saved counts.
SIDE_EFFECT,gene_product_of,0,6060,0.0,assessment_1,36,Saved output; original SELECT lacks DISTINCT; fraction derived from saved counts.
